Entity,Code,Year,Pupil-qualified teacher ratio in primary education,numeric_code
Afghanistan,AFG,2016,58.64962,004
Afghanistan,AFG,2017,63.12466,004
Afghanistan,AFG,2018,61.70772,004
Afghanistan,AFG,2019,60.38654,004
Albania,ALB,2013,28.0255,008
Albania,ALB,2014,26.10993,008
Albania,ALB,2015,24.66558,008
Albania,ALB,2016,22.6665,008
Albania,ALB,2017,21.33187,008
Albania,ALB,2018,21.01611,008
Albania,ALB,2019,19.39236,008
Albania,ALB,2020,19.86404,008
Albania,ALB,2021,20.24106,008
Algeria,DZA,2014,23.66406,012
Algeria,DZA,2015,23.83613,012
Algeria,DZA,2016,24.2355,012
Algeria,DZA,2017,24.22505,012
Algeria,DZA,2018,24.32018,012
Algeria,DZA,2019,20.55434,012
Algeria,DZA,2020,24.17109,012
Algeria,DZA,2023,193.40178,012
Algeria,DZA,2024,194.38745,012
Andorra,AND,2013,9.33028,020
Andorra,AND,2014,9.51991,020
Andorra,AND,2015,9.93795,020
Andorra,AND,2016,10.06635,020
Andorra,AND,2017,10.5,020
Andorra,AND,2018,10.49757,020
Andorra,AND,2019,10.51582,020
Andorra,AND,2020,10.3309,020
Andorra,AND,2021,10.02439,020
Andorra,AND,2022,9.71327,020
Andorra,AND,2023,10.2177,020
Angola,AGO,2021,66.56809,024
Antigua and Barbuda,ATG,2015,14.33428,028
Antigua and Barbuda,ATG,2017,12.96741,028
Antigua and Barbuda,ATG,2018,12.40564,028
Armenia,ARM,2018,15.41859,051
Armenia,ARM,2019,21.40111,051
Armenia,ARM,2020,19.20469,051
Armenia,ARM,2021,19.23551,051
Armenia,ARM,2022,19.80941,051
Armenia,ARM,2023,19.89608,051
Azerbaijan,AZE,2016,15.48619,031
Azerbaijan,AZE,2017,15.46429,031
Azerbaijan,AZE,2018,15.44295,031
Azerbaijan,AZE,2019,15.7732,031
Azerbaijan,AZE,2020,16.23478,031
Azerbaijan,AZE,2021,16.03973,031
Azerbaijan,AZE,2022,16.00551,031
Azerbaijan,AZE,2023,15.87455,031
Bahamas,BHS,2011,19.31296,044
Bahamas,BHS,2012,22.21841,044
Bahamas,BHS,2013,20.0,044
Bahamas,BHS,2014,22.32746,044
Bahamas,BHS,2015,23.47131,044
Bahamas,BHS,2016,19.02855,044
Bahamas,BHS,2018,21.66226,044
Bahamas,BHS,2019,21.96873,044
Bahamas,BHS,2021,18.82191,044
Bahamas,BHS,2023,11.7495,044
Bahrain,BHR,2013,12.34547,048
Bahrain,BHR,2014,12.12121,048
Bahrain,BHR,2015,12.25819,048
Bahrain,BHR,2016,12.51439,048
Bahrain,BHR,2017,12.65277,048
Bahrain,BHR,2018,11.92315,048
Bahrain,BHR,2019,12.24302,048
Bahrain,BHR,2022,13.24692,048
Bahrain,BHR,2023,13.12786,048
Bangladesh,BGD,2017,29.957064,050
Bangladesh,BGD,2018,30.054586,050
Bangladesh,BGD,2021,47.243675,050
Bangladesh,BGD,2022,47.317173,050
Bangladesh,BGD,2023,42.268536,050
Barbados,BRB,2014,18.48996,052
Barbados,BRB,2015,13.40321,052
Barbados,BRB,2016,13.349,052
Barbados,BRB,2017,14.09682,052
Barbados,BRB,2018,13.9917,052
Barbados,BRB,2019,14.23104,052
Barbados,BRB,2020,13.03659,052
Barbados,BRB,2021,12.04815,052
Barbados,BRB,2022,11.14214,052
Barbados,BRB,2023,10.57064,052
Belarus,BLR,2014,16.5693,112
Belarus,BLR,2015,17.61164,112
Belarus,BLR,2016,18.33759,112
Belarus,BLR,2017,18.80255,112
Belarus,BLR,2018,19.23259,112
Belarus,BLR,2019,19.43904,112
Belarus,BLR,2020,19.52587,112
Belarus,BLR,2021,19.75916,112
Belarus,BLR,2022,20.07336,112
Belarus,BLR,2023,20.10645,112
Belize,BLZ,2014,77.69507,084
Belize,BLZ,2015,71.03956,084
Belize,BLZ,2016,75.51659,084
Belize,BLZ,2018,95.24203,084
Belize,BLZ,2019,108.36129,084
Belize,BLZ,2020,136.59946,084
Belize,BLZ,2021,145.97539,084
Belize,BLZ,2022,154.10474,084
Belize,BLZ,2023,155.30208,084
Benin,BEN,2013,65.28645,204
Benin,BEN,2014,45.92349,204
Benin,BEN,2015,45.04478,204
Benin,BEN,2016,41.63992,204
Benin,BEN,2017,43.56977,204
Benin,BEN,2018,39.19712,204
Benin,BEN,2019,40.88592,204
Benin,BEN,2020,38.29206,204
Benin,BEN,2021,51.88238,204
Bermuda,BMU,2014,6.72131,060
Bhutan,BTN,2015,40.004433,064
Bhutan,BTN,2016,38.03778,064
Bhutan,BTN,2017,34.56294,064
Bhutan,BTN,2018,34.66868,064
Bhutan,BTN,2019,39.15244,064
Bhutan,BTN,2020,33.714645,064
Bhutan,BTN,2021,33.23215,064
Bhutan,BTN,2022,29.092688,064
Bhutan,BTN,2024,27.21204,064
Bolivia,BOL,2011,75.16761,068
Bolivia,BOL,2012,73.2925,068
Bolivia,BOL,2013,99.82312,068
Bolivia,BOL,2014,119.03317,068
Bolivia,BOL,2015,135.86325,068
Bolivia,BOL,2016,133.508,068
Bolivia,BOL,2017,135.47614,068
Bolivia,BOL,2018,145.65897,068
Bolivia,BOL,2019,154.16367,068
Bolivia,BOL,2020,161.92885,068
Bolivia,BOL,2021,158.6405,068
Bolivia,BOL,2022,171.74037,068
Bolivia,BOL,2023,185.25536,068
Botswana,BWA,2012,23.525743,072
Botswana,BWA,2013,22.930883,072
Botswana,BWA,2014,22.233433,072
Botswana,BWA,2022,23.319729,072
British Virgin Islands,VGB,2014,12.50763,092
British Virgin Islands,VGB,2016,12.16544,092
British Virgin Islands,VGB,2017,12.62879,092
British Virgin Islands,VGB,2018,10.23887,092
British Virgin Islands,VGB,2019,13.09524,092
British Virgin Islands,VGB,2020,10.52326,092
British Virgin Islands,VGB,2021,10.92095,092
British Virgin Islands,VGB,2024,58.11628,092
Brunei,BRN,2015,10.01661,096
Brunei,BRN,2016,10.19678,096
Brunei,BRN,2017,10.18252,096
Brunei,BRN,2018,9.89521,096
Brunei,BRN,2019,9.77479,096
Brunei,BRN,2020,9.31165,096
Brunei,BRN,2021,11.323782,096
Brunei,BRN,2022,11.741887,096
Brunei,BRN,2023,10.889704,096
Burkina Faso,BFA,2013,53.8593,854
Burkina Faso,BFA,2014,52.7498,854
Burkina Faso,BFA,2015,49.37619,854
Burkina Faso,BFA,2016,49.86288,854
Burkina Faso,BFA,2017,42.30504,854
Burkina Faso,BFA,2018,41.92682,854
Burkina Faso,BFA,2019,41.21308,854
Burkina Faso,BFA,2020,38.97365,854
Burkina Faso,BFA,2021,37.41823,854
Burkina Faso,BFA,2022,37.79743,854
Burkina Faso,BFA,2023,33.8629,854
Burundi,BDI,2013,47.8501,108
Burundi,BDI,2014,47.73975,108
Burundi,BDI,2015,43.22109,108
Burundi,BDI,2016,49.66066,108
Burundi,BDI,2017,49.61434,108
Burundi,BDI,2018,42.52383,108
Burundi,BDI,2019,42.92428,108
Burundi,BDI,2020,47.41397,108
Cambodia,KHM,2013,46.92711,116
Cambodia,KHM,2014,44.63494,116
Cambodia,KHM,2015,45.52116,116
Cambodia,KHM,2016,42.53404,116
Cambodia,KHM,2017,41.66267,116
Cambodia,KHM,2018,41.7035,116
Cambodia,KHM,2019,41.93926,116
Cambodia,KHM,2020,42.05889,116
Cambodia,KHM,2023,48.954075,116
Cameroon,CMR,2015,54.40722,120
Cameroon,CMR,2017,60.79553,120
Cameroon,CMR,2022,280.49527,120
Cameroon,CMR,2023,156.63214,120
Cape Verde,CPV,2014,24.77745,132
Cape Verde,CPV,2016,22.1432,132
Cape Verde,CPV,2017,21.31478,132
Cape Verde,CPV,2018,22.5086,132
Cape Verde,CPV,2019,21.67452,132
Cape Verde,CPV,2020,19.73601,132
Cape Verde,CPV,2021,20.1749,132
Cayman Islands,CYM,2013,14.79401,136
Cayman Islands,CYM,2018,15.74725,136
Cayman Islands,CYM,2019,14.40026,136
Cayman Islands,CYM,2020,13.07005,136
Cayman Islands,CYM,2021,13.05522,136
Cayman Islands,CYM,2022,13.29204,136
Cayman Islands,CYM,2023,12.43207,136
Central African Republic,CAF,2016,83.41195,140
Central and Southern Asia (SDG),,2015,35.29371,
Central and Southern Asia (SDG),,2016,38.39294,
Central and Southern Asia (SDG),,2017,35.94579,
Central and Southern Asia (SDG),,2018,32.17944,
Central and Southern Asia (SDG),,2019,31.78533,
Central and Southern Asia (SDG),,2020,30.73305,
Central and Southern Asia (SDG),,2021,30.48806,
Central and Southern Asia (SDG),,2022,31.74844,
Central and Southern Asia (SDG),,2023,30.86475,
Chad,TCD,2015,140.36382,148
Chad,TCD,2016,103.59106,148
Chad,TCD,2017,91.21248,148
Chad,TCD,2018,70.94989,148
Chad,TCD,2019,68.94311,148
Chad,TCD,2022,56.89791,148
Chile,CHL,2014,18.83895,152
Chile,CHL,2015,18.56343,152
Chile,CHL,2016,18.18298,152
Chile,CHL,2017,17.7935,152
China,CHN,2015,17.05278,156
China,CHN,2016,17.28632,156
China,CHN,2017,17.33965,156
China,CHN,2018,17.14271,156
China,CHN,2019,17.13046,156
China,CHN,2020,16.95284,156
China,CHN,2021,16.74679,156
China,CHN,2022,16.36801,156
China,CHN,2023,16.22378,156
Colombia,COL,2013,27.08038,170
Colombia,COL,2014,25.76816,170
Colombia,COL,2015,24.40073,170
Colombia,COL,2016,24.44047,170
Colombia,COL,2017,23.70029,170
Colombia,COL,2019,23.67988,170
Colombia,COL,2021,24.67717,170
Colombia,COL,2022,23.45818,170
Comoros,COM,2013,37.048706,174
Comoros,COM,2021,29.935595,174
Comoros,COM,2023,37.048706,174
Congo,COG,2023,76.50956,178
Cook Islands,COK,2013,17.40777,184
Cook Islands,COK,2014,17.38679,184
Cook Islands,COK,2015,17.36893,184
Cook Islands,COK,2019,16.70536,184
Cook Islands,COK,2021,15.50893,184
Cook Islands,COK,2023,34.15217,184
Costa Rica,CRI,2013,13.6979,188
Costa Rica,CRI,2014,13.5799,188
Costa Rica,CRI,2015,12.97755,188
Costa Rica,CRI,2016,12.2874,188
Costa Rica,CRI,2017,11.94038,188
Costa Rica,CRI,2018,12.52479,188
Costa Rica,CRI,2019,11.91517,188
Costa Rica,CRI,2020,11.69454,188
Cote d'Ivoire,CIV,2013,45.78321,384
Cote d'Ivoire,CIV,2014,48.17752,384
Cote d'Ivoire,CIV,2015,42.0505,384
Cote d'Ivoire,CIV,2016,42.50102,384
Cote d'Ivoire,CIV,2017,42.42645,384
Cote d'Ivoire,CIV,2018,41.8223,384
Cote d'Ivoire,CIV,2019,41.59663,384
Cote d'Ivoire,CIV,2020,40.57407,384
Cote d'Ivoire,CIV,2021,40.92063,384
Cote d'Ivoire,CIV,2022,41.82653,384
Cote d'Ivoire,CIV,2023,43.91137,384
Cuba,CUB,2013,11.26449,192
Cuba,CUB,2014,11.13782,192
Cuba,CUB,2015,10.78678,192
Cuba,CUB,2016,11.11623,192
Cuba,CUB,2017,11.62261,192
Cuba,CUB,2018,12.09485,192
Cuba,CUB,2019,12.64944,192
Cuba,CUB,2020,11.98787,192
Cuba,CUB,2021,11.63545,192
Cuba,CUB,2022,11.80866,192
Cuba,CUB,2023,11.61435,192
Cyprus,CYP,2017,12.03922,196
Cyprus,CYP,2018,11.92624,196
Cyprus,CYP,2019,11.54908,196
Cyprus,CYP,2020,11.5683,196
Cyprus,CYP,2021,11.26694,196
Democratic Republic of Congo,COD,2014,35.31936,180
Democratic Republic of Congo,COD,2015,35.051,180
Democratic Republic of Congo,COD,2018,30.89303,180
Democratic Republic of Congo,COD,2021,40.41323,180
Democratic Republic of Congo,COD,2023,43.50233,180
Djibouti,DJI,2014,39.82601,262
Djibouti,DJI,2015,33.02204,262
Djibouti,DJI,2016,31.09517,262
Djibouti,DJI,2017,30.42105,262
Djibouti,DJI,2018,29.37453,262
Djibouti,DJI,2020,29.92814,262
Djibouti,DJI,2021,28.85679,262
Djibouti,DJI,2022,28.01012,262
Djibouti,DJI,2023,25.44907,262
Dominica,DMA,2013,16.18763,212
Dominica,DMA,2014,21.98571,212
Dominica,DMA,2016,13.07679,212
Dominica,DMA,2021,18.1716,212
Dominica,DMA,2022,15.70341,212
Dominica,DMA,2023,14.0978,212
Dominican Republic,DOM,2013,28.90881,214
Dominican Republic,DOM,2014,25.30394,214
Dominican Republic,DOM,2015,20.95126,214
Dominican Republic,DOM,2016,21.21507,214
Dominican Republic,DOM,2017,19.9418,214
Dominican Republic,DOM,2018,19.9498,214
Dominican Republic,DOM,2019,20.90909,214
Dominican Republic,DOM,2020,19.83387,214
Dominican Republic,DOM,2021,18.62313,214
Dominican Republic,DOM,2022,18.7074,214
Dominican Republic,DOM,2023,14.79006,214
East Asia and Pacific (WB),,2014,18.32771,
East Asia and Pacific (WB),,2015,18.38664,
East Asia and Pacific (WB),,2016,18.38416,
East Asia and Pacific (WB),,2017,18.79586,
East Asia and Pacific (WB),,2018,18.51633,
East Asia and Pacific (WB),,2019,18.41966,
East Asia and Pacific (WB),,2020,18.21997,
East Asia and Pacific (WB),,2021,18.06353,
East Asia and Pacific (WB),,2022,17.83823,
East Asia and Pacific (WB),,2023,17.77417,
East Timor,TLS,2018,35.59356,626
East Timor,TLS,2019,34.822018,626
East Timor,TLS,2020,33.710598,626
Eastern and South-Eastern Asia (SDG),,2014,18.20746,
Eastern and South-Eastern Asia (SDG),,2015,18.27511,
Eastern and South-Eastern Asia (SDG),,2016,18.29503,
Eastern and South-Eastern Asia (SDG),,2017,18.70271,
Eastern and South-Eastern Asia (SDG),,2018,18.40927,
Eastern and South-Eastern Asia (SDG),,2019,18.31111,
Eastern and South-Eastern Asia (SDG),,2020,18.11704,
Eastern and South-Eastern Asia (SDG),,2021,17.96365,
Eastern and South-Eastern Asia (SDG),,2022,17.71764,
Eastern and South-Eastern Asia (SDG),,2023,17.63992,
Ecuador,ECU,2009,31.20538,218
Ecuador,ECU,2010,28.07587,218
Ecuador,ECU,2011,27.71389,218
Ecuador,ECU,2012,27.56671,218
Ecuador,ECU,2013,28.37132,218
Ecuador,ECU,2014,29.80378,218
Ecuador,ECU,2015,29.53724,218
Ecuador,ECU,2016,28.93306,218
Ecuador,ECU,2017,27.72508,218
Ecuador,ECU,2018,27.15614,218
Ecuador,ECU,2019,26.3789,218
Ecuador,ECU,2020,26.61785,218
Ecuador,ECU,2021,26.05241,218
Ecuador,ECU,2022,25.13961,218
Ecuador,ECU,2023,23.43731,218
Egypt,EGY,2013,27.73305,818
Egypt,EGY,2016,23.07766,818
Egypt,EGY,2019,24.99696,818
Egypt,EGY,2020,26.48021,818
Egypt,EGY,2021,27.89742,818
Egypt,EGY,2022,36.10084,818
Egypt,EGY,2023,30.05687,818
El Salvador,SLV,2015,29.69441,222
El Salvador,SLV,2016,28.26087,222
El Salvador,SLV,2017,28.27102,222
El Salvador,SLV,2018,26.89473,222
El Salvador,SLV,2023,26.74437,222
Equatorial Guinea,GNQ,2015,38.01221,226
Eritrea,ERI,2010,40.46131,232
Eritrea,ERI,2011,44.50207,232
Eritrea,ERI,2012,48.12743,232
Eritrea,ERI,2013,45.81577,232
Eritrea,ERI,2014,52.06681,232
Eritrea,ERI,2015,57.328262,232
Eritrea,ERI,2016,54.548943,232
Eritrea,ERI,2017,44.26135,232
Eritrea,ERI,2018,45.86925,232
Eritrea,ERI,2019,45.280426,232
Eritrea,ERI,2022,38.74732,232
Eswatini,SWZ,2013,42.71247,748
Eswatini,SWZ,2014,40.41637,748
Eswatini,SWZ,2015,39.87512,748
Eswatini,SWZ,2016,38.23836,748
Eswatini,SWZ,2017,35.57318,748
Eswatini,SWZ,2018,28.48078,748
Ethiopia,ETH,2015,54.232838,231
Ethiopia,ETH,2017,45.74278,231
Ethiopia,ETH,2020,42.165592,231
Ethiopia,ETH,2022,49.998928,231
Ethiopia,ETH,2023,46.038177,231
Europe and Northern America (SDG),,1999,16.83394,
Europe and Northern America (SDG),,2000,16.22229,
Europe and Northern America (SDG),,2001,15.85234,
Europe and Northern America (SDG),,2002,15.54763,
Europe and Northern America (SDG),,2003,15.27956,
Europe and Northern America (SDG),,2004,15.29049,
Europe and Northern America (SDG),,2005,14.79496,
Europe and Northern America (SDG),,2006,14.6029,
Europe and Northern America (SDG),,2007,14.39656,
Europe and Northern America (SDG),,2008,14.3071,
Europe and Northern America (SDG),,2009,14.32289,
Europe and Northern America (SDG),,2010,14.34118,
Europe and Northern America (SDG),,2011,14.42195,
Europe and Northern America (SDG),,2012,14.56308,
Europe and Northern America (SDG),,2013,14.72003,
Europe and Northern America (SDG),,2014,14.70584,
Europe and Northern America (SDG),,2015,14.61814,
Europe and Northern America (SDG),,2016,14.4363,
Europe and Northern America (SDG),,2017,14.57569,
Europe and Northern America (SDG),,2018,14.59222,
Europe and Northern America (SDG),,2019,14.73269,
Europe and Northern America (SDG),,2020,14.82455,
Europe and Northern America (SDG),,2021,14.53948,
Europe and Northern America (SDG),,2022,14.39817,
Europe and Northern America (SDG),,2023,14.55932,
Fiji,FJI,2019,19.58879,242
Fiji,FJI,2020,19.78429,242
Fiji,FJI,2021,19.532185,242
Fiji,FJI,2022,18.2882,242
Fiji,FJI,2023,17.495077,242
Gabon,GAB,2019,35.00026,266
Gambia,GMB,2010,71.70858,270
Gambia,GMB,2011,71.22662,270
Gambia,GMB,2013,45.942776,270
Gambia,GMB,2014,49.29227,270
Gambia,GMB,2015,43.283146,270
Gambia,GMB,2016,43.052433,270
Gambia,GMB,2017,44.076973,270
Gambia,GMB,2018,36.138126,270
Gambia,GMB,2019,42.226757,270
Gambia,GMB,2020,41.584534,270
Gambia,GMB,2021,37.811665,270
Gambia,GMB,2022,36.67289,270
Gambia,GMB,2023,35.995037,270
Gambia,GMB,2024,35.680084,270
Ghana,GHA,2014,60.13074,288
Ghana,GHA,2015,57.14625,288
Ghana,GHA,2017,49.29488,288
Ghana,GHA,2018,45.10067,288
Ghana,GHA,2020,36.66595,288
Ghana,GHA,2021,41.76835,288
Gibraltar,GIB,2016,13.7734,292
Gibraltar,GIB,2017,14.17,292
Gibraltar,GIB,2019,14.09268,292
Gibraltar,GIB,2020,12.63158,292
Gibraltar,GIB,2021,13.0354,292
Gibraltar,GIB,2023,14.33503,292
Grenada,GRD,2015,16.99747,308
Grenada,GRD,2016,15.45199,308
Grenada,GRD,2017,16.18269,308
Grenada,GRD,2018,16.35068,308
Grenada,GRD,2022,21.09535,308
Grenada,GRD,2023,21.04204,308
Guinea,GIN,2010,45.99079,324
Guinea,GIN,2011,48.028564,324
Guinea,GIN,2012,47.804905,324
Guinea,GIN,2013,59.6483,324
Guinea,GIN,2014,64.4879,324
Guinea,GIN,2015,49.886345,324
Guinea,GIN,2016,51.35012,324
Guinea,GIN,2017,51.595577,324
Guinea,GIN,2018,52.03056,324
Guinea,GIN,2019,50.367744,324
Guinea,GIN,2020,75.53799,324
Guinea,GIN,2021,46.74178,324
Guyana,GUY,2012,24.437775,328
Guyana,GUY,2013,24.379805,328
Guyana,GUY,2014,23.360683,328
Guyana,GUY,2015,22.82206,328
Guyana,GUY,2016,21.874071,328
Guyana,GUY,2018,21.432419,328
Guyana,GUY,2019,21.023466,328
Guyana,GUY,2020,18.71675,328
Guyana,GUY,2021,45.44953,328
Guyana,GUY,2023,74.69206,328
High-income countries,,1999,17.45833,
High-income countries,,2000,16.96181,
High-income countries,,2001,16.61445,
High-income countries,,2002,16.33363,
High-income countries,,2003,16.0952,
High-income countries,,2004,16.02992,
High-income countries,,2005,15.51532,
High-income countries,,2006,15.31051,
High-income countries,,2007,15.08856,
High-income countries,,2008,14.91852,
High-income countries,,2009,14.88672,
High-income countries,,2010,14.81752,
High-income countries,,2011,14.77479,
High-income countries,,2012,14.80744,
High-income countries,,2013,14.6271,
High-income countries,,2014,14.59326,
High-income countries,,2015,14.57756,
High-income countries,,2016,14.45461,
High-income countries,,2017,14.59645,
High-income countries,,2018,14.64389,
High-income countries,,2019,14.72136,
High-income countries,,2020,14.68823,
High-income countries,,2021,14.45573,
High-income countries,,2022,14.37592,
High-income countries,,2023,14.61388,
Honduras,HND,2021,32.08309,340
Honduras,HND,2022,35.35225,340
Hong Kong,HKG,2013,13.99258,344
Hong Kong,HKG,2014,13.84932,344
Hong Kong,HKG,2015,13.66248,344
Hong Kong,HKG,2016,13.67502,344
Hong Kong,HKG,2017,13.76886,344
Hong Kong,HKG,2018,13.34788,344
Hong Kong,HKG,2019,13.19368,344
Hong Kong,HKG,2020,12.86852,344
Hong Kong,HKG,2021,12.50441,344
Hong Kong,HKG,2022,12.09771,344
Hong Kong,HKG,2023,11.76129,344
India,IND,2016,40.02383,356
India,IND,2017,36.65589,356
India,IND,2019,30.09519,356
India,IND,2020,28.487797,356
India,IND,2021,28.150742,356
India,IND,2022,29.921417,356
India,IND,2023,28.66437,356
India,IND,2024,28.82897,356
Indonesia,IDN,2016,17.022102,360
Indonesia,IDN,2017,19.304516,360
Indonesia,IDN,2018,18.977247,360
Indonesia,IDN,2020,22.248175,360
Indonesia,IDN,2021,20.491001,360
Indonesia,IDN,2022,21.028675,360
Indonesia,IDN,2023,20.365513,360
Iran,IRN,2013,25.65459,364
Iran,IRN,2014,25.91843,364
Iran,IRN,2015,26.77414,364
Iran,IRN,2016,27.32117,364
Iran,IRN,2017,28.52479,364
Jamaica,JAM,2013,31.07066,388
Jamaica,JAM,2014,23.08368,388
Jamaica,JAM,2015,23.53492,388
Jamaica,JAM,2016,22.64723,388
Jamaica,JAM,2018,24.79434,388
Jamaica,JAM,2019,20.50709,388
Jamaica,JAM,2020,19.48937,388
Jamaica,JAM,2021,20.83591,388
Jamaica,JAM,2022,22.35395,388
Jamaica,JAM,2023,15.55642,388
Jordan,JOR,2014,16.90871,400
Jordan,JOR,2016,18.36314,400
Jordan,JOR,2017,21.03903,400
Jordan,JOR,2018,18.53699,400
Jordan,JOR,2019,16.37527,400
Jordan,JOR,2020,17.21838,400
Jordan,JOR,2021,18.25091,400
Jordan,JOR,2022,19.09134,400
Jordan,JOR,2023,17.53517,400
Kazakhstan,KAZ,2014,16.85665,398
Kazakhstan,KAZ,2015,16.200401,398
Kazakhstan,KAZ,2016,18.551098,398
Kazakhstan,KAZ,2017,20.755554,398
Kazakhstan,KAZ,2018,19.639132,398
Kazakhstan,KAZ,2019,17.21457,398
Kazakhstan,KAZ,2020,16.803192,398
Kazakhstan,KAZ,2021,16.077482,398
Kazakhstan,KAZ,2022,14.739896,398
Kazakhstan,KAZ,2023,13.971498,398
Kazakhstan,KAZ,2024,13.773328,398
Kiribati,KIR,2010,25.662848,296
Kiribati,KIR,2011,25.694353,296
Kiribati,KIR,2012,25.235691,296
Kiribati,KIR,2013,23.704838,296
Kiribati,KIR,2014,27.25421,296
Kiribati,KIR,2015,26.79293,296
Kiribati,KIR,2016,27.313915,296
Kiribati,KIR,2017,25.56662,296
Kiribati,KIR,2020,27.09157,296
Kiribati,KIR,2021,26.24824,296
Kiribati,KIR,2022,25.09756,296
Kiribati,KIR,2023,23.95822,296
Kuwait,KWT,2013,11.25952,414
Kuwait,KWT,2014,11.41111,414
Kuwait,KWT,2015,11.52087,414
Kuwait,KWT,2020,10.91855,414
Kyrgyzstan,KGZ,1999,51.16861,417
Kyrgyzstan,KGZ,2000,52.09174,417
Kyrgyzstan,KGZ,2001,50.41882,417
Kyrgyzstan,KGZ,2002,48.80054,417
Laos,LAO,2013,32.442486,418
Laos,LAO,2014,30.446547,418
Laos,LAO,2015,27.946438,418
Laos,LAO,2016,25.753685,418
Laos,LAO,2017,24.765879,418
Laos,LAO,2018,24.765993,418
Latin America and Caribbean (WB),,2020,26.08868,
Latin America and Caribbean (WB),,2021,25.91334,
Latin America and Caribbean (WB),,2022,25.52639,
Latin America and Caribbean (WB),,2023,25.15039,
Latin America and the Caribbean (SDG),,2020,26.08825,
Latin America and the Caribbean (SDG),,2021,25.91314,
Latin America and the Caribbean (SDG),,2022,25.52637,
Latin America and the Caribbean (SDG),,2023,25.15036,
Lebanon,LBN,2019,13.6785,422
Lebanon,LBN,2020,13.48631,422
Lebanon,LBN,2021,17.81228,422
Lebanon,LBN,2022,22.21342,422
Lebanon,LBN,2023,24.47541,422
Lesotho,LSO,2013,45.294716,426
Lesotho,LSO,2014,43.252747,426
Lesotho,LSO,2015,41.79808,426
Lesotho,LSO,2016,40.589108,426
Lesotho,LSO,2018,33.26048,426
Lesotho,LSO,2019,32.352596,426
Lesotho,LSO,2020,32.524567,426
Lesotho,LSO,2021,31.698332,426
Lesotho,LSO,2022,31.502893,426
Lesotho,LSO,2023,31.135117,426
Liberia,LBR,2016,34.133137,430
Liberia,LBR,2017,31.802523,430
Liberia,LBR,2020,29.865704,430
Lithuania,LTU,2009,13.61396,440
Lithuania,LTU,2010,13.54624,440
Lithuania,LTU,2011,12.97351,440
Lithuania,LTU,2012,12.97333,440
Lithuania,LTU,2013,13.17877,440
Lithuania,LTU,2014,13.43711,440
Lithuania,LTU,2015,13.60166,440
Lithuania,LTU,2016,14.04806,440
Lithuania,LTU,2017,14.56651,440
Lithuania,LTU,2018,15.02332,440
Lithuania,LTU,2019,15.39859,440
Lithuania,LTU,2020,15.19938,440
Low-income countries,,2013,45.56382,
Low-income countries,,2014,44.96917,
Low-income countries,,2015,43.88412,
Low-income countries,,2016,43.35008,
Low-income countries,,2017,42.40655,
Low-income countries,,2018,41.34018,
Low-income countries,,2019,42.52163,
Low-income countries,,2020,44.15061,
Low-income countries,,2021,43.1234,
Low-income countries,,2022,44.28708,
Low-income countries,,2023,45.29943,
Lower-middle-income countries,,2013,37.60291,
Lower-middle-income countries,,2014,36.35716,
Lower-middle-income countries,,2015,35.8938,
Lower-middle-income countries,,2016,37.67252,
Lower-middle-income countries,,2017,36.32247,
Lower-middle-income countries,,2018,33.89906,
Lower-middle-income countries,,2019,33.83109,
Lower-middle-income countries,,2020,33.2312,
Lower-middle-income countries,,2021,33.38245,
Lower-middle-income countries,,2022,34.86882,
Lower-middle-income countries,,2023,34.4443,
Macao,MAC,2013,13.70592,446
Macao,MAC,2014,13.69802,446
Macao,MAC,2015,14.08362,446
Macao,MAC,2016,13.85535,446
Macao,MAC,2017,13.50974,446
Macao,MAC,2018,13.49843,446
Macao,MAC,2019,13.54288,446
Macao,MAC,2020,13.37047,446
Macao,MAC,2021,13.41787,446
Macao,MAC,2022,13.36882,446
Macao,MAC,2023,13.34767,446
Madagascar,MDG,2014,42.006542,450
Madagascar,MDG,2015,41.444653,450
Madagascar,MDG,2016,40.71042,450
Madagascar,MDG,2017,41.752007,450
Madagascar,MDG,2018,39.81169,450
Madagascar,MDG,2019,36.7999,450
Malawi,MWI,2016,69.4575,454
Malawi,MWI,2017,66.30444,454
Malawi,MWI,2018,58.67919,454
Malaysia,MYS,2013,11.831258,458
Malaysia,MYS,2014,11.412602,458
Malaysia,MYS,2015,11.520999,458
Malaysia,MYS,2016,11.6116495,458
Malaysia,MYS,2017,11.655596,458
Malaysia,MYS,2018,11.865771,458
Malaysia,MYS,2019,12.231609,458
Malaysia,MYS,2020,12.066545,458
Malaysia,MYS,2021,11.57626,458
Malaysia,MYS,2022,11.986723,458
Malaysia,MYS,2023,12.142475,458
Maldives,MDV,2013,12.42128,462
Maldives,MDV,2014,13.96753,462
Maldives,MDV,2015,12.48874,462
Maldives,MDV,2018,22.42925,462
Maldives,MDV,2019,21.85613,462
Maldives,MDV,2022,9.536425,462
Mali,MLI,2023,210.03674,466
Marshall Islands,MHL,2021,18.8105,584
Marshall Islands,MHL,2022,18.66292,584
Mauritius,MUS,2013,19.79263,480
Mauritius,MUS,2014,18.73281,480
Mauritius,MUS,2015,18.82093,480
Mauritius,MUS,2016,17.79444,480
Mauritius,MUS,2017,17.93769,480
Mauritius,MUS,2018,16.19841,480
Mauritius,MUS,2019,15.20305,480
Mauritius,MUS,2020,13.97832,480
Mauritius,MUS,2021,14.17268,480
Mauritius,MUS,2023,15.78032,480
Mexico,MEX,2021,26.51543,484
Micronesia (country),FSM,2016,24.85432,583
Micronesia (country),FSM,2017,22.937086,583
Micronesia (country),FSM,2018,25.845871,583
Micronesia (country),FSM,2019,25.217154,583
Micronesia (country),FSM,2020,23.281818,583
Micronesia (country),FSM,2021,16.921854,583
Micronesia (country),FSM,2022,17.506926,583
Micronesia (country),FSM,2023,17.367107,583
Micronesia (country),FSM,2024,17.451038,583
Middle East and North Africa (WB),,2012,20.38366,
Middle East and North Africa (WB),,2013,21.05543,
Middle East and North Africa (WB),,2014,20.19042,
Middle East and North Africa (WB),,2015,20.7662,
Middle East and North Africa (WB),,2016,21.40212,
Middle East and North Africa (WB),,2017,22.11818,
Middle East and North Africa (WB),,2018,22.47027,
Middle East and North Africa (WB),,2019,22.37707,
Middle East and North Africa (WB),,2020,23.3235,
Middle East and North Africa (WB),,2021,24.50062,
Middle East and North Africa (WB),,2022,27.34275,
Middle East and North Africa (WB),,2023,28.54921,
Middle-income countries,,2014,26.36548,
Middle-income countries,,2015,26.23826,
Middle-income countries,,2016,26.94708,
Middle-income countries,,2017,26.77923,
Middle-income countries,,2018,25.6363,
Middle-income countries,,2019,25.53392,
Middle-income countries,,2020,25.3193,
Middle-income countries,,2021,25.34357,
Middle-income countries,,2022,25.84522,
Middle-income countries,,2023,25.74968,
Moldova,MDA,2014,17.91613,498
Moldova,MDA,2015,17.45665,498
Moldova,MDA,2016,17.56659,498
Moldova,MDA,2017,17.84516,498
Moldova,MDA,2018,18.10841,498
Moldova,MDA,2019,18.16209,498
Moldova,MDA,2020,18.13643,498
Moldova,MDA,2021,18.32315,498
Moldova,MDA,2022,18.52068,498
Moldova,MDA,2023,18.62726,498
Monaco,MCO,2020,11.32759,492
Monaco,MCO,2021,12.075,492
Monaco,MCO,2022,13.04,492
Monaco,MCO,2023,14.05556,492
Monaco,MCO,2024,12.23669,492
Mongolia,MNG,2013,27.705091,496
Mongolia,MNG,2014,27.782202,496
Mongolia,MNG,2015,28.269188,496
Mongolia,MNG,2016,29.763365,496
Mongolia,MNG,2017,30.53447,496
Mongolia,MNG,2018,32.230362,496
Mongolia,MNG,2019,32.29778,496
Mongolia,MNG,2020,32.694084,496
Mongolia,MNG,2021,31.73044,496
Mongolia,MNG,2022,32.467834,496
Mongolia,MNG,2023,33.12679,496
Montserrat,MSR,2018,17.03704,500
Montserrat,MSR,2019,15.10345,500
Morocco,MAR,2013,25.98351,504
Morocco,MAR,2014,25.66659,504
Morocco,MAR,2015,25.88159,504
Morocco,MAR,2016,26.59118,504
Morocco,MAR,2017,28.03417,504
Morocco,MAR,2018,26.80065,504
Morocco,MAR,2019,25.79697,504
Morocco,MAR,2020,27.2055,504
Morocco,MAR,2021,26.53598,504
Morocco,MAR,2022,26.67256,504
Morocco,MAR,2023,25.9138,504
Mozambique,MOZ,2013,62.89602,508
Mozambique,MOZ,2014,60.95387,508
Mozambique,MOZ,2015,54.66026,508
Mozambique,MOZ,2016,53.60539,508
Mozambique,MOZ,2017,52.43683,508
Mozambique,MOZ,2018,55.27379,508
Mozambique,MOZ,2019,57.1321,508
Mozambique,MOZ,2020,58.80096,508
Mozambique,MOZ,2022,57.28693,508
Myanmar,MMR,2016,23.31772,104
Myanmar,MMR,2017,24.1056,104
Myanmar,MMR,2018,26.67528,104
Namibia,NAM,2012,34.801933,516
Namibia,NAM,2015,32.82885,516
Namibia,NAM,2016,32.9248,516
Namibia,NAM,2017,33.21432,516
Namibia,NAM,2018,27.97235,516
Namibia,NAM,2019,32.721764,516
Namibia,NAM,2021,31.551888,516
Namibia,NAM,2022,31.044096,516
Nauru,NRU,2014,78.9,520
Nauru,NRU,2016,40.17778,520
Nauru,NRU,2019,28.12121,520
Nauru,NRU,2022,86.18182,520
Nauru,NRU,2023,39.25,520
Nepal,NPL,2014,26.04311,524
Nepal,NPL,2015,24.61256,524
Nepal,NPL,2016,23.2184,524
Nepal,NPL,2017,22.02109,524
Nepal,NPL,2019,20.39598,524
Nepal,NPL,2020,18.09827,524
Nepal,NPL,2021,17.756742,524
Nepal,NPL,2023,23.311056,524
Nepal,NPL,2024,23.168575,524
Nicaragua,NIC,2022,32.50039,558
Nicaragua,NIC,2023,33.24569,558
Niger,NER,2010,39.03351,562
Niger,NER,2011,39.361332,562
Niger,NER,2012,39.144367,562
Niger,NER,2013,36.31449,562
Niger,NER,2014,36.05848,562
Niger,NER,2015,36.9455,562
Niger,NER,2016,40.48106,562
Niger,NER,2017,38.3443,562
Niger,NER,2019,40.21031,562
Niger,NER,2021,40.50732,562
Niger,NER,2022,43.08099,562
Niger,NER,2023,44.29714,562
Nigeria,NGA,2011,49.2589,566
Nigeria,NGA,2012,57.6127,566
Nigeria,NGA,2013,57.61276,566
Nigeria,NGA,2015,62.02002,566
Nigeria,NGA,2016,72.23923,566
Nigeria,NGA,2017,70.97643,566
Nigeria,NGA,2018,49.09818,566
Niue,NIU,2015,17.25,570
Niue,NIU,2016,15.46154,570
Niue,NIU,2019,16.69231,570
Niue,NIU,2020,12.0,570
Niue,NIU,2021,17.83333,570
Niue,NIU,2023,10.16667,570
North America (WB),,1999,15.61468,
North America (WB),,2000,15.24524,
North America (WB),,2001,15.20236,
North America (WB),,2002,15.0136,
North America (WB),,2003,14.69525,
North America (WB),,2004,14.37655,
North America (WB),,2005,14.15635,
North America (WB),,2006,13.9398,
North America (WB),,2007,13.85102,
North America (WB),,2008,13.76593,
North America (WB),,2009,13.89886,
North America (WB),,2010,14.0688,
North America (WB),,2011,14.23926,
North America (WB),,2012,14.26441,
North America (WB),,2013,14.26029,
North America (WB),,2014,14.27717,
North America (WB),,2015,14.14805,
North America (WB),,2016,13.8948,
North America (WB),,2017,13.81251,
North America (WB),,2018,13.76931,
North America (WB),,2019,14.03432,
North America (WB),,2020,13.86533,
North America (WB),,2021,13.13577,
North America (WB),,2022,12.83813,
North America (WB),,2023,13.07131,
North Korea,PRK,2018,20.30024,408
Northern Africa and Western Asia (SDG),,2012,20.14943,
Northern Africa and Western Asia (SDG),,2013,20.22913,
Northern Africa and Western Asia (SDG),,2014,19.50281,
Northern Africa and Western Asia (SDG),,2015,19.84923,
Northern Africa and Western Asia (SDG),,2016,20.27253,
Northern Africa and Western Asia (SDG),,2017,20.73943,
Northern Africa and Western Asia (SDG),,2018,20.95415,
Northern Africa and Western Asia (SDG),,2019,20.8633,
Northern Africa and Western Asia (SDG),,2020,21.43136,
Northern Africa and Western Asia (SDG),,2021,22.50398,
Northern Africa and Western Asia (SDG),,2022,24.97791,
Northern Africa and Western Asia (SDG),,2023,26.04932,
Oman,OMN,2017,10.12768,512
Oman,OMN,2018,9.67394,512
Oman,OMN,2019,10.3425,512
Oman,OMN,2020,10.79807,512
Oman,OMN,2021,12.2993,512
Oman,OMN,2022,11.76352,512
Oman,OMN,2023,11.54691,512
Palau,PLW,2021,7.979592,585
Palau,PLW,2022,16.275,585
Palau,PLW,2023,17.5125,585
Palestine,PSE,2013,53.70714,275
Palestine,PSE,2014,50.78343,275
Palestine,PSE,2017,39.3473,275
Palestine,PSE,2018,34.6968,275
Palestine,PSE,2019,33.97143,275
Palestine,PSE,2020,32.411,275
Palestine,PSE,2021,32.12621,275
Palestine,PSE,2022,54.5139,275
Palestine,PSE,2023,53.23748,275
Panama,PAN,2013,22.92182,591
Panama,PAN,2015,24.29346,591
Panama,PAN,2016,23.7934,591
Panama,PAN,2017,24.36886,591
Paraguay,PRY,2012,27.89252,600
Peru,PER,2023,21.37713,604
Philippines,PHL,2014,31.142256,608
Philippines,PHL,2015,30.821424,608
Philippines,PHL,2016,29.068174,608
Philippines,PHL,2017,29.138693,608
Philippines,PHL,2018,27.128883,608
Philippines,PHL,2019,25.776388,608
Philippines,PHL,2020,25.328959,608
Philippines,PHL,2021,23.764132,608
Philippines,PHL,2022,24.30293,608
Portugal,PRT,2000,13.23902,620
Portugal,PRT,2001,12.94736,620
Portugal,PRT,2002,11.06542,620
Portugal,PRT,2003,11.11103,620
Portugal,PRT,2004,11.57131,620
Portugal,PRT,2005,10.52502,620
Portugal,PRT,2006,10.60093,620
Portugal,PRT,2007,11.72552,620
Portugal,PRT,2008,11.26325,620
Portugal,PRT,2009,11.24954,620
Portugal,PRT,2010,10.82935,620
Portugal,PRT,2011,11.10043,620
Portugal,PRT,2012,11.73422,620
Portugal,PRT,2013,12.78162,620
Portugal,PRT,2014,13.40675,620
Portugal,PRT,2015,13.30619,620
Portugal,PRT,2016,12.7774,620
Portugal,PRT,2017,12.35346,620
Portugal,PRT,2018,12.09879,620
Portugal,PRT,2019,11.98412,620
Portugal,PRT,2020,11.77912,620
Puerto Rico,PRI,2013,12.89212,630
Puerto Rico,PRI,2014,13.44119,630
Puerto Rico,PRI,2015,13.89943,630
Puerto Rico,PRI,2016,13.53647,630
Qatar,QAT,2013,10.0029,634
Qatar,QAT,2014,11.20958,634
Qatar,QAT,2015,11.62677,634
Qatar,QAT,2016,11.6276,634
Qatar,QAT,2017,11.77467,634
Qatar,QAT,2018,12.1676,634
Qatar,QAT,2019,12.15222,634
Qatar,QAT,2020,12.46371,634
Qatar,QAT,2021,12.48681,634
Qatar,QAT,2022,12.67171,634
Qatar,QAT,2023,12.3902,634
Russia,RUS,2020,23.568,643
Russia,RUS,2021,23.91727,643
Russia,RUS,2022,24.31235,643
Rwanda,RWA,2010,64.214424,646
Rwanda,RWA,2011,59.02297,646
Rwanda,RWA,2012,62.033367,646
Rwanda,RWA,2013,62.829597,646
Rwanda,RWA,2014,60.945873,646
Rwanda,RWA,2015,58.34317,646
Rwanda,RWA,2016,59.525505,646
Rwanda,RWA,2017,58.90176,646
Rwanda,RWA,2018,60.23155,646
Rwanda,RWA,2019,57.96034,646
Rwanda,RWA,2021,45.44361,646
Rwanda,RWA,2022,43.57613,646
Rwanda,RWA,2023,42.04641,646
Saint Kitts and Nevis,KNA,2013,14.51688,659
Saint Kitts and Nevis,KNA,2014,13.798,659
Saint Kitts and Nevis,KNA,2015,15.09945,659
Saint Kitts and Nevis,KNA,2016,13.94373,659
Saint Kitts and Nevis,KNA,2021,39.78986,659
Saint Lucia,LCA,2021,34.73874,662
Saint Lucia,LCA,2022,67.78855,662
Saint Lucia,LCA,2023,14.1172,662
Saint Vincent and the Grenadines,VCT,2014,96.59712,670
Saint Vincent and the Grenadines,VCT,2015,83.5125,670
Saint Vincent and the Grenadines,VCT,2016,69.0,670
Saint Vincent and the Grenadines,VCT,2018,53.65041,670
Samoa,WSM,2022,24.217958,882
Samoa,WSM,2023,22.466623,882
San Marino,SMR,2020,10.40909,674
San Marino,SMR,2021,10.38667,674
San Marino,SMR,2022,9.39375,674
San Marino,SMR,2023,9.08075,674
Saudi Arabia,SAU,2013,7.82414,682
Saudi Arabia,SAU,2014,8.07666,682
Saudi Arabia,SAU,2015,9.06127,682
Saudi Arabia,SAU,2016,10.60398,682
Saudi Arabia,SAU,2017,12.10236,682
Saudi Arabia,SAU,2018,13.4577,682
Saudi Arabia,SAU,2019,13.64567,682
Saudi Arabia,SAU,2020,13.05632,682
Saudi Arabia,SAU,2021,13.45949,682
Saudi Arabia,SAU,2022,14.10452,682
Senegal,SEN,2011,33.31196,686
Senegal,SEN,2012,32.69103,686
Senegal,SEN,2013,32.24855,686
Senegal,SEN,2014,32.23045,686
Senegal,SEN,2015,32.09004,686
Senegal,SEN,2019,33.63376,686
Senegal,SEN,2020,34.16976,686
Senegal,SEN,2021,33.72087,686
Senegal,SEN,2022,32.3187,686
Serbia,SRB,2013,15.15704,688
Serbia,SRB,2014,15.7097,688
Serbia,SRB,2015,15.24293,688
Serbia,SRB,2016,14.5183,688
Serbia,SRB,2017,14.28392,688
Serbia,SRB,2018,14.2927,688
Serbia,SRB,2019,14.08734,688
Serbia,SRB,2020,13.74527,688
Serbia,SRB,2021,13.76974,688
Serbia,SRB,2022,13.65519,688
Seychelles,SYC,2010,14.538852,690
Seychelles,SYC,2013,19.20796,690
Seychelles,SYC,2014,18.66949,690
Seychelles,SYC,2015,16.40585,690
Seychelles,SYC,2016,14.22907,690
Seychelles,SYC,2017,15.88225,690
Seychelles,SYC,2018,15.77172,690
Seychelles,SYC,2019,16.63652,690
Seychelles,SYC,2020,17.87406,690
Seychelles,SYC,2021,18.43945,690
Seychelles,SYC,2022,17.50092,690
Seychelles,SYC,2023,15.53074,690
Sierra Leone,SLE,2013,67.07668,694
Sierra Leone,SLE,2018,59.774734,694
Sierra Leone,SLE,2019,58.266457,694
Sierra Leone,SLE,2021,59.24914,694
Sierra Leone,SLE,2023,64.14711,694
Singapore,SGP,2007,21.14176,702
Singapore,SGP,2008,20.18209,702
Singapore,SGP,2009,18.21792,702
Singapore,SGP,2014,16.518078,702
Singapore,SGP,2015,16.509806,702
Singapore,SGP,2016,15.0593,702
Singapore,SGP,2017,14.69428,702
Singapore,SGP,2018,14.33368,702
Singapore,SGP,2019,14.20048,702
Singapore,SGP,2020,13.91988,702
Singapore,SGP,2021,13.83988,702
Singapore,SGP,2022,14.02465,702
Sint Maarten (Dutch part),SXM,2012,11.7541,534
Slovakia,SVK,2014,15.88775,703
Slovakia,SVK,2022,12.48646,703
Solomon Islands,SLB,2013,30.358501,090
Solomon Islands,SLB,2014,29.602612,090
Solomon Islands,SLB,2015,40.495728,090
Solomon Islands,SLB,2016,30.708393,090
Solomon Islands,SLB,2017,33.18922,090
Solomon Islands,SLB,2018,31.9092,090
Solomon Islands,SLB,2019,29.912874,090
Somalia,SOM,2023,37.20428,706
South Asia (WB),,2015,36.44219,
South Asia (WB),,2016,39.82451,
South Asia (WB),,2017,36.94494,
South Asia (WB),,2018,32.74268,
South Asia (WB),,2019,32.32008,
South Asia (WB),,2020,30.99063,
South Asia (WB),,2021,30.70622,
South Asia (WB),,2022,32.05512,
South Asia (WB),,2023,31.05244,
South Korea,KOR,2000,32.12073,410
South Korea,KOR,2001,32.024,410
South Korea,KOR,2002,31.25796,410
South Korea,KOR,2003,30.09795,410
South Korea,KOR,2004,29.02175,410
South Korea,KOR,2005,27.93159,410
South Korea,KOR,2006,26.62451,410
South Korea,KOR,2007,25.59446,410
South Korea,KOR,2008,24.06701,410
South Korea,KOR,2009,22.38299,410
South Korea,KOR,2010,20.91797,410
South Korea,KOR,2011,19.04941,410
South Korea,KOR,2012,17.87581,410
South Korea,KOR,2013,16.85167,410
South Korea,KOR,2014,16.50455,410
South Korea,KOR,2015,16.55424,410
South Korea,KOR,2016,16.30703,410
South Korea,KOR,2017,16.28669,410
South Korea,KOR,2018,16.39778,410
South Korea,KOR,2019,16.52979,410
South Korea,KOR,2020,16.23953,410
South Korea,KOR,2021,16.05174,410
South Korea,KOR,2022,15.77906,410
South Sudan,SSD,2015,55.44031,728
South Sudan,SSD,2024,117.81553,728
Spain,ESP,2001,14.30441,724
Spain,ESP,2002,14.00892,724
Spain,ESP,2003,13.87611,724
Spain,ESP,2004,13.93149,724
Spain,ESP,2005,13.75078,724
Spain,ESP,2006,13.58265,724
Spain,ESP,2007,12.8265,724
Spain,ESP,2008,12.42388,724
Spain,ESP,2009,12.62216,724
Spain,ESP,2010,12.40145,724
Spain,ESP,2011,12.39876,724
Spain,ESP,2012,12.60121,724
Spain,ESP,2013,13.31975,724
Spain,ESP,2014,13.09629,724
Spain,ESP,2015,13.18623,724
Spain,ESP,2016,12.99102,724
Spain,ESP,2017,13.13172,724
Spain,ESP,2018,13.03806,724
Spain,ESP,2019,12.88942,724
Spain,ESP,2020,12.80203,724
Spain,ESP,2021,11.80208,724
Spain,ESP,2022,11.75327,724
Spain,ESP,2023,11.76557,724
Sri Lanka,LKA,2015,27.18882,144
Sri Lanka,LKA,2016,27.067686,144
Sri Lanka,LKA,2017,26.767439,144
Sri Lanka,LKA,2018,26.471678,144
Sri Lanka,LKA,2019,26.001642,144
Sri Lanka,LKA,2020,25.964792,144
Sri Lanka,LKA,2021,23.644632,144
Sri Lanka,LKA,2022,23.057995,144
Sri Lanka,LKA,2023,21.931938,144
Sub-Saharan Africa (SDG),,2012,51.56936,
Sub-Saharan Africa (SDG),,2013,51.24249,
Sub-Saharan Africa (SDG),,2014,49.03296,
Sub-Saharan Africa (SDG),,2015,46.76448,
Sub-Saharan Africa (SDG),,2016,46.11433,
Sub-Saharan Africa (SDG),,2017,45.71777,
Sub-Saharan Africa (SDG),,2018,45.11144,
Sub-Saharan Africa (SDG),,2019,46.49946,
Sub-Saharan Africa (SDG),,2020,47.87765,
Sub-Saharan Africa (SDG),,2021,47.75594,
Sub-Saharan Africa (SDG),,2022,48.68344,
Sub-Saharan Africa (WB),,2012,49.68619,
Sub-Saharan Africa (WB),,2013,49.25478,
Sub-Saharan Africa (WB),,2014,47.29126,
Sub-Saharan Africa (WB),,2015,45.24808,
Sub-Saharan Africa (WB),,2016,44.62801,
Sub-Saharan Africa (WB),,2017,44.29725,
Sub-Saharan Africa (WB),,2018,43.65974,
Sub-Saharan Africa (WB),,2019,44.92888,
Sub-Saharan Africa (WB),,2020,46.22434,
Sub-Saharan Africa (WB),,2021,46.18634,
Sub-Saharan Africa (WB),,2022,47.24859,
Sudan,SDN,2019,27.07272,729
Suriname,SUR,2018,13.61424,740
Suriname,SUR,2020,12.88697,740
Suriname,SUR,2021,12.58696,740
Suriname,SUR,2023,30.46132,740
Syria,SYR,2022,23.78288,760
Syria,SYR,2023,21.11631,760
Syria,SYR,2024,20.40006,760
Tajikistan,TJK,2014,23.77273,762
Tajikistan,TJK,2015,23.49089,762
Tajikistan,TJK,2016,23.09537,762
Tajikistan,TJK,2017,23.00994,762
Tanzania,TZA,2012,45.317368,834
Tanzania,TZA,2013,43.88809,834
Tanzania,TZA,2014,44.204796,834
Tanzania,TZA,2015,43.351177,834
Tanzania,TZA,2016,41.784916,834
Tanzania,TZA,2017,48.393772,834
Tanzania,TZA,2018,51.597267,834
Tanzania,TZA,2019,55.182583,834
Tanzania,TZA,2020,56.96386,834
Tanzania,TZA,2021,57.457546,834
Tanzania,TZA,2022,53.069946,834
Tanzania,TZA,2023,56.131943,834
Thailand,THA,2014,15.3927,764
Thailand,THA,2015,16.88246,764
Thailand,THA,2016,16.65791,764
Thailand,THA,2017,16.428429,764
Thailand,THA,2019,12.5676155,764
Thailand,THA,2020,11.487134,764
Thailand,THA,2021,14.372591,764
Thailand,THA,2022,13.957578,764
Thailand,THA,2023,14.370591,764
Thailand,THA,2024,14.608283,764
Togo,TGO,2015,135.75356,768
Togo,TGO,2019,96.39669,768
Togo,TGO,2020,90.67634,768
Togo,TGO,2021,83.93776,768
Togo,TGO,2022,85.09158,768
Togo,TGO,2023,84.45667,768
Tokelau,TKL,2019,9.27778,772
Tokelau,TKL,2020,9.61111,772
Tokelau,TKL,2021,10.38889,772
Tokelau,TKL,2023,8.61111,772
Tonga,TON,2013,25.863567,776
Tonga,TON,2014,23.224184,776
Tonga,TON,2015,23.391184,776
Tonga,TON,2018,24.3244,776
Tonga,TON,2019,22.224543,776
Tonga,TON,2020,21.894737,776
Tonga,TON,2021,20.757576,776
Tonga,TON,2022,20.916561,776
Tonga,TON,2023,20.24372,776
Trinidad and Tobago,TTO,2020,18.12666,780
Trinidad and Tobago,TTO,2021,16.48346,780
Trinidad and Tobago,TTO,2022,17.66626,780
Trinidad and Tobago,TTO,2023,15.69449,780
Tunisia,TUN,2013,17.43043,788
Tunisia,TUN,2014,16.5447,788
Tunisia,TUN,2015,16.34558,788
Tunisia,TUN,2017,16.57185,788
Tunisia,TUN,2018,16.87168,788
Tunisia,TUN,2020,16.80272,788
Tunisia,TUN,2022,16.15212,788
Tunisia,TUN,2023,15.81076,788
Turkmenistan,TKM,2019,25.67787,795
Turkmenistan,TKM,2020,25.93977,795
Turkmenistan,TKM,2021,26.08548,795
Turkmenistan,TKM,2022,26.1893,795
Turkmenistan,TKM,2023,25.87827,795
Turks and Caicos Islands,TCA,2018,32.2807,796
Turks and Caicos Islands,TCA,2020,25.91852,796
Turks and Caicos Islands,TCA,2021,20.96594,796
Turks and Caicos Islands,TCA,2022,20.12426,796
Turks and Caicos Islands,TCA,2023,18.675531,796
Tuvalu,TUV,2015,20.38356,798
Tuvalu,TUV,2018,15.57647,798
Tuvalu,TUV,2019,12.48113,798
Tuvalu,TUV,2021,10.58394,798
Tuvalu,TUV,2022,26.20755,798
Tuvalu,TUV,2023,42.11765,798
Uganda,UGA,2013,62.85175,800
Uganda,UGA,2014,64.24689,800
Uganda,UGA,2015,63.632366,800
Uganda,UGA,2016,61.092735,800
Uganda,UGA,2017,60.28935,800
Ukraine,UKR,2013,19.55784,804
Ukraine,UKR,2014,19.93269,804
United Arab Emirates,ARE,2018,18.23663,784
United Arab Emirates,ARE,2019,18.59928,784
United Arab Emirates,ARE,2020,16.70226,784
United Arab Emirates,ARE,2021,16.41136,784
United Arab Emirates,ARE,2022,16.0777,784
United Arab Emirates,ARE,2023,14.83323,784
United States,USA,2014,14.53749,840
United States,USA,2015,14.45723,840
United States,USA,2016,14.23905,840
United States,USA,2017,14.19857,840
United States,USA,2018,14.23778,840
United States,USA,2019,14.60817,840
United States,USA,2020,14.43729,840
United States,USA,2021,13.56892,840
United States,USA,2022,13.25541,840
United States,USA,2023,13.38951,840
Upper-middle-income countries,,2014,19.1849,
Upper-middle-income countries,,2015,19.18075,
Upper-middle-income countries,,2016,19.26462,
Upper-middle-income countries,,2017,19.61969,
Upper-middle-income countries,,2018,19.43147,
Upper-middle-income countries,,2019,19.35879,
Upper-middle-income countries,,2020,19.2948,
Upper-middle-income countries,,2021,19.25265,
Upper-middle-income countries,,2022,19.13893,
Upper-middle-income countries,,2023,19.14855,
Uruguay,URY,2013,11.9642,858
Uruguay,URY,2014,11.46753,858
Uruguay,URY,2015,11.76053,858
Uruguay,URY,2016,11.13129,858
Uruguay,URY,2017,11.0193,858
Uruguay,URY,2018,10.69055,858
Uruguay,URY,2019,11.67622,858
Uruguay,URY,2020,11.21069,858
Uruguay,URY,2021,14.59424,858
Uruguay,URY,2022,15.39579,858
Uzbekistan,UZB,2012,15.42782,860
Uzbekistan,UZB,2014,18.51993,860
Uzbekistan,UZB,2015,19.63863,860
Uzbekistan,UZB,2016,20.93884,860
Uzbekistan,UZB,2017,21.150143,860
Uzbekistan,UZB,2018,21.506638,860
Uzbekistan,UZB,2019,21.087475,860
Uzbekistan,UZB,2020,20.56345,860
Uzbekistan,UZB,2021,20.426514,860
Uzbekistan,UZB,2022,20.622824,860
Uzbekistan,UZB,2023,21.019632,860
Uzbekistan,UZB,2024,20.947369,860
Vanuatu,VUT,2013,32.55785,548
Vanuatu,VUT,2015,36.98148,548
Vanuatu,VUT,2019,44.424637,548
Vanuatu,VUT,2021,27.43846,548
Vanuatu,VUT,2022,26.203997,548
Vanuatu,VUT,2023,25.266697,548
Venezuela,VEN,2023,106.78366,862
Venezuela,VEN,2024,85.8471,862
Vietnam,VNM,2021,33.201786,704
Vietnam,VNM,2022,32.233585,704
Vietnam,VNM,2023,29.281677,704
World,OWID_WRL,2014,25.52211,
World,OWID_WRL,2015,25.37195,
World,OWID_WRL,2016,25.8383,
World,OWID_WRL,2017,25.73535,
World,OWID_WRL,2018,24.91286,
World,OWID_WRL,2019,24.97301,
World,OWID_WRL,2020,24.95993,
World,OWID_WRL,2021,24.882,
World,OWID_WRL,2022,25.3128,
World,OWID_WRL,2023,25.37765,
Yemen,YEM,2016,45.26776,887
Zambia,ZMB,2010,47.145832,894
Zambia,ZMB,2012,45.28368,894
Zambia,ZMB,2014,44.33369,894
Zambia,ZMB,2015,42.74181,894
Zambia,ZMB,2016,44.06807,894
Zambia,ZMB,2017,44.53659,894
Zimbabwe,ZWE,2013,49.00248,716
Zimbabwe,ZWE,2015,36.850266,716
Zimbabwe,ZWE,2016,37.292454,716
Zimbabwe,ZWE,2017,38.195667,716
Zimbabwe,ZWE,2018,38.323772,716
Zimbabwe,ZWE,2019,37.85405,716
Zimbabwe,ZWE,2020,38.3045,716
Zimbabwe,ZWE,2021,36.742268,716
Zimbabwe,ZWE,2022,35.520493,716
Zimbabwe,ZWE,2023,34.651432,716
