name,lat,lon
Harvard University,42.3657432,-71.1222139
California Institute of Technology,34.1370138,-118.1252883
Massachusetts Institute of Technology,42.3582529,-71.0966272
Stanford University,37.4313138,-122.1693654
Princeton University,40.3386752,-74.6583655
University of Oxford,51.7525461,-1.21433
University of Cambridge,52.1890916,0.1212977
"University of California, Berkeley",37.8754996,-122.2390685
Imperial College London,51.4989595,-0.1756407
Yale University,41.2571306,-72.9896696
"University of California, Los Angeles",34.0708777,-118.4468503
The University of Chicago,41.7913274,-87.6008421
Johns Hopkins University,39.3302023,-76.6218536
Cornell University,42.4529076,-76.4800842
ETH Zurich,47.413218,8.5374914
University of Michigan-Ann Arbor,42.2942142,-83.7100389
University of Toronto,43.6608141,-79.3960322
Columbia University,40.8077508,-73.9624901
University of Pennsylvania,39.9522148,-75.1955729
Carnegie Mellon University,40.4439193,-79.9428267
University of Hong Kong,22.418936,114.2060323
UCL,51.5242031,-0.1330007
University of Washington,47.6554303,-122.3001692
Duke University,36.0001557,-78.9442297
Northwestern University,42.0557157,-87.6752945
The University of Tokyo,35.9019845,139.9362283
Georgia Institute of Technology,33.7760948,-84.3988077
Pohang University of Science and Technology (POSTECH),,
"University of California, Santa Barbara",34.4146025,-119.84581
University of North Carolina at Chapel Hill,35.9050354,-79.0477533
University of British Columbia,49.2484638,-123.2341555
"University of California, San Diego",32.8792438,-117.2311247
University of Illinois at Urbana-Champaign,,
National University of Singapore,1.2959845,103.7766186
McGill University,45.5068861,-73.5787118
University of Melbourne,-37.8241371,144.9170886
Peking University,40.1750746,116.1593872
Washington University in St Louis,38.6472402,-90.3084017
École Polytechnique,48.7127874,2.2107453
University of Edinburgh,55.9440765,-3.1883736
The Hong Kong University of Science and Technology,22.3358031,114.2659088
École Normale Supérieure,48.8417072,2.3447923
Karolinska Institute,59.2195496,17.9400549
Australian National University,-35.2812742,149.1172023
University of Wisconsin,44.5328424,-87.9198844
University of Göttingen,,
Rice University,29.7167915,-95.4047811
École Polytechnique Fédérale de Lausanne,46.5186594,6.5665615
University of Science and Technology of China,31.839072,117.2642075
"University of California, Irvine",33.6491782,-117.8391158
Vanderbilt University,36.1438011,-86.8028189
University of Minnesota,44.9863418,-93.1794451
Tufts University,42.4064499,-71.1180771
"University of California, Davis",38.5337904,-121.7907544
Brown University,41.8186395,-71.4088009
University of Massachusetts,42.3694052,-72.5342588
Kyoto University,35.0270467,135.7814382
Tsinghua University,40.0022905,116.320963
Boston University,42.3504215,-71.1032247
New York University,40.7292053,-73.9950148
Emory University,33.8004547,-84.3172378
LMU Munich,48.1521649,11.581535
University of Notre Dame,41.7045678,-86.2382203
University of Pittsburgh-Pittsburgh campus,41.9448381,-78.6729545
Case Western Reserve University,41.501387,-81.6007022
Ohio State University (Main campus),,
University of Colorado Boulder,40.0070061,-105.2664423
"University of California, Santa Cruz",37.0001245,-122.0622122
Yeshiva University,40.8489807,-73.9298403
University of Bristol,51.4905582,-2.6304825
The University of Sydney,-33.8889073,151.1894111
University of Virginia (Main campus),,
University of Southern California,34.021869,-118.2858579
University of Adelaide,-34.9189226,138.6042367
William & Mary,37.2690934,-76.7220509
Trinity College Dublin,53.3437061,-6.2544278
King’s College London,51.5030855,-0.0900021
Stony Brook University,40.9090809,-73.1205518
Korea Advanced Institute of Science and Technology (KAIST),,
University of Sussex,50.8674377,-0.0877259
University of York,53.9453903,-1.0314593
The University of Queensland,-27.497418,153.0131666
Universität Heidelberg,49.4186003,8.6692402
University of Utah,40.7628137,-111.8368719
Durham University,54.7672268,-1.5721956
London School of Economics and Political Science,51.5146063,-0.1164509
University of Manchester,53.4660226,-2.2330858
"Royal Holloway, University of London",,
Lund University,55.7126504,13.2107587
Wake Forest University,36.133893,-80.2755578
University of Zurich,47.4968435,8.7298072
University of Southampton,50.9617568,-1.4239975
McMaster University,43.2639397,-79.9178252
University College Dublin,53.3068763,-6.2246251
University of Basel,47.5612651,7.5752961
George Washington University,38.899865,-77.0474485
University of Arizona,32.2356985,-110.951744
"University of Maryland, College Park",38.9904124,-76.9438586
Dartmouth College,43.7046757,-72.2942089
École Normale Supérieure de Lyon,45.7297811,4.8265819
Technical University of Munich,48.2654976,11.6692249
University of Helsinki,60.2267221,25.01767
University of St Andrews,56.3398554,-2.8117775
Rensselaer Polytechnic Institute,42.7298969,-73.6796678
Rutgers University – New Brunswick,40.4698799,-74.4259106
Purdue University West Lafayette,40.430028,-86.9264211
University of Cape Town,-33.9567558,18.4675777
National Tsing Hua University,24.7916987,120.9924295
Penn State (Main campus),40.2030819,-76.7425749
Seoul National University,37.4668979,126.9477791
Hong Kong Baptist University,22.337988,114.1826259
Tokyo Institute of Technology,35.6050487,139.682751
Bilkent University,39.8704691,32.7539193
Eindhoven University of Technology,51.4486602,5.4903996
National Taiwan University (NTU),25.0168175,121.5384571
University of Hawai’i at Mānoa,21.3005016,-157.8212168
"University of California, Riverside",33.9727335,-117.3474449
University of Geneva,46.1985541,6.1509888
KU Leuven,50.8057129,3.2915374
Nanjing University,32.0565957,118.7740883
Queen Mary University of London,51.5247403,-0.0393136
Michigan State University,42.7023794,-84.4803869
Technical University of Denmark,55.7854145,12.5202151
Lancaster University,54.0098429,-2.7875768
Leiden University,52.1686355,4.4597028
Ghent University,51.0078485,3.7108831
University of Alberta,53.52682,-113.5244937
University of Glasgow,55.871666,-4.2778997
Stockholm University,59.366141,18.059593
Osaka University,34.5111992,135.631448
University of Victoria,48.46206,-123.3114198
University of Freiburg,48.0070218,7.837321
Tohoku University,38.2541921,140.8407024
University of Iowa,41.6311024,-91.540752
University of Bergen,60.3809342,5.3313021
University of Lausanne,46.5225695,6.5809499
University of Sheffield,53.3729622,-1.5059315
University of Montreal,45.508393,-73.580417
Vrije Universiteit Amsterdam,52.3340539,4.8651882
University of Dundee,56.4579676,-2.9821483
Pierre and Marie Curie University,,
University of Barcelona,41.3868596,2.1634784
Utrecht University,52.0942343,5.1211881
Wageningen University & Research,51.985445,5.663212
University of Auckland,-36.8660955,174.7737331
University of Birmingham,52.4522956,-1.9312857
Alexandria University,31.2104662,29.9131341
Uppsala University,59.8576363,17.6294616
University of Aberdeen,57.1645248,-2.1018364
Hong Kong Polytechnic University,22.3027216,114.1780446
Delft University of Technology,51.9988274,4.3739604
"Birkbeck, University of London",51.5218449,-0.1302155
Newcastle University,54.9801751,-1.6146802
UNSW Sydney,-33.9062434,151.2346568
Pompeu Fabra University,41.4043275,2.1937054
Indiana University,39.1802358,-86.5093526
Iowa State University,42.0279608,-93.6447375
Georgia Health Sciences University,33.9650066,-83.406673
Erasmus University Rotterdam,51.9176312,4.5259623
University of Delaware,39.6802837,-75.7530984
Boston College,42.3354481,-71.1682665
Arizona State University (Tempe),33.4213174,-111.9331631
National Sun Yat-Sen University,22.6280059,120.2662241
Georgetown University,38.9089393,-77.0745796
University of Liverpool,53.4072429,-2.9658337
University of Amsterdam,52.3681334,4.8898042
Aarhus University,56.1670905,10.2026177
University of Leeds,53.8057925,-1.555111
University of Würzburg,,
University of Groningen,53.2194416,6.5629863
Sun Yat-sen University,23.0996034,113.2923509
Goethe University Frankfurt,50.1723275,8.6307298
Bielefeld University,52.0444616,8.4927162
"Nanyang Technological University, Singapore",1.3484104,103.6829332
University of Nottingham,52.9387428,-1.2002957
University of East Anglia,52.6210623,1.2356187
University of Copenhagen,55.6801502,12.572327
Monash University,-37.7839745,144.9586743
University of Bonn,50.7338124,7.1022465
Humboldt University of Berlin,52.5183402,13.3929202
National Chiao Tung University,24.7867677,120.9972441
RWTH Aachen University,50.7791732,6.0689207
Middle East Technical University,39.8755074,32.7855305
University of Exeter,50.1701604,-5.1241802
University of Twente,52.2433268,6.8509157
University of Konstanz,47.6899569,9.1882624
Karlsruhe Institute of Technology,49.1018534,8.4331202
University of Innsbruck,47.263287,11.3844497
University of Tübingen,48.5340595,9.0712444
Yonsei University,37.2800965,127.901503
University of Cincinnati – Uptown,39.1318991,-84.5157575
Drexel University,39.9569305,-75.1899265
Dalhousie University,44.6362011,-63.5919961
KTH Royal Institute of Technology,59.2016758,17.6203201
University of Vienna,48.2131278,16.3606855
Kent State University,41.1441814,-81.3398329
University of Illinois Chicago,41.8748613,-87.6519866
Zhejiang University,30.521595,120.7195312
Simon Fraser University,49.2767096,-122.917803
Swedish University of Agricultural Sciences,63.8201574,20.3146663
University of Wisconsin-Madison,43.0802745,-89.4309587
University of Texas at Austin,30.2851494,-97.7339352
University of Rochester,43.129864,-77.628784
University of Bern,46.9509726,7.4386841
Hebrew University of Jerusalem,31.7918555,35.244723
University of Florida,29.6411884,-82.3562296
Brandeis University,42.3665095,-71.2580196
Free University of Berlin,,
Chinese University of Hong Kong,22.4140914,114.2100208
University of Warwick,52.3813073,-1.5639569
Radboud University Nijmegen,51.8215173,5.8634329
Medical University of South Carolina,32.7902452,-79.9576415
Texas A&M University,30.6108618,-96.3520606
University of Reading,51.4404358,-0.9417618
Tel Aviv University,32.1123577,34.8050129
Université Catholique de Louvain,50.8212043,4.3495585
Paris Diderot University – Paris 7,,
University of Miami,25.7172725,-80.2787069
Queen’s University,44.2331009,-76.4914971
University of São Paulo,-23.561048,-46.7252264
University of Oslo,59.9414173,10.7227683
University of Ottawa,45.4225271,-75.6833904
The University of Western Australia,-35.0274825,117.8871021
City University of Hong Kong,22.3400205,114.1697162
Maastricht University,50.8472117,5.6859518
University of Leicester,52.6175241,-1.1377672
Paris-Sud University,48.8359184,2.2533598
University of Texas at Dallas,32.9875855,-96.749784
Joseph Fourier University,,
Colorado School of Mines,39.7386338,-105.2246389
University of Antwerp,51.1843856,4.4199387
Technion Israel Institute of Technology,32.7768128,35.0225446
University at Buffalo,43.0019863,-78.7859649
Université Libre de Bruxelles,50.8134719,4.3812357
"Northeastern University, US",42.3351053,-71.0892579
Mines ParisTech,48.6117414,2.4390437
Florida Institute of Technology,28.064271,-80.623004
Boğaziçi University,41.0832734,29.0505009
Scuola Normale Superiore di Pisa,43.7196863,10.400398
TU Dresden,51.0282765,13.7359828
Sungkyunkwan University (SKKU),37.5870459,126.9906264
Istanbul Technical University,41.1045571,29.0263441
Syracuse University,43.0171129,-76.1185536
Sabancı University,40.8927159,29.3786332
Fudan University,31.3011748,121.4974703
Lomonosov Moscow State University,55.7011843,37.5276192
"St George’s, University of London",51.5276574,-0.103605
Autonomous University of Barcelona,41.5015527,2.1062607
University of Cologne,50.9280446,6.9281305
University of Waterloo,43.4701994,-80.5452429
Ulm University,48.4086307,9.9977021
Charité - Universitätsmedizin Berlin,52.5299885,13.3486639
University of Trento,46.0661807,11.1166177
Queen’s University Belfast,54.5842881,-5.9336562
University of Mannheim,49.483885,8.4708736
University of Erlangen-Nuremberg,,
University of Luxembourg,49.5036259,5.9487155
University of Duisburg-Essen,51.4290899,6.800858
Technical University of Berlin,,
University of Alabama at Birmingham,33.5016153,-86.8060476
Aalto University,60.1860789,24.8281018
Tilburg University,51.5630609,5.0435985
Paris-Sorbonne University – Paris 4,48.8494092,2.3482761
Paris Sciences et Lettres – PSL Research University Paris,,
Sorbonne University,48.8468997,2.3574487
University of Bologna,44.4982886,11.354457
Shanghai Jiao Tong University,31.2008912,121.4283949
University of Technology Sydney,-33.8832536,151.2003294
Korea University,36.6108894,127.2934174
Université Paris Cité,48.8514684,2.341089
Télécom Paris,48.7131108,2.199685
University of Canberra,-35.2365904,149.0845097
Yonsei University (Seoul campus),,
University of Hamburg,53.564106,9.9949809
Queensland University of Technology,-27.542195,153.0649526
Institut Polytechnique de Paris,48.7139028,2.2141075
Wuhan University,30.5373773,114.361535
Huazhong University of Science and Technology,30.5202172,114.4118463
Cardiff University,51.4887426,-3.1795999
Macquarie University,-33.774197,151.1127138
Medical University of Graz,47.0808781,15.4692124
Université Paris-Saclay,48.7121501,2.1735087
Ulsan National Institute of Science and Technology (UNIST),35.5735512,129.1899352
University of Münster,51.9673422,7.5992433
Sapienza University of Rome,,
Chalmers University of Technology,57.6897462,11.9765259
